Issue ID,Type,Description,Story Points,Detailed Description
ISSUE-6604,Bug,Optimize database queries,2,Update relevant documentation and user guides. Ensure all edge cases are handled.
ISSUE-5783,Bug,Resolve security vulnerability,8,Update relevant documentation and user guides. Communicate with stakeholders about the changes. Perform regression testing to ensure no existing functionality is broken. This task requires attention to detail and thorough testing. Consider performance implications of the changes. Document the changes made in the codebase. Review the code with peers before merging. Collaborate with the QA team for testing.
ISSUE-6920,Bug,Improve performance,8,Update relevant documentation and user guides. Ensure compatibility with existing systems and integrations. Consider performance implications of the changes. Collaborate with the QA team for testing. Communicate with stakeholders about the changes. Perform regression testing to ensure no existing functionality is broken. This task requires attention to detail and thorough testing. Review the code with peers before merging.
ISSUE-6779,Bug,Fix login issue,2,Collaborate with the QA team for testing. Consider performance implications of the changes.
ISSUE-2462,Bug,Improve performance,5,Ensure all edge cases are handled. Update relevant documentation and user guides. Collaborate with the QA team for testing. Review the code with peers before merging. Consider performance implications of the changes.
ISSUE-8744,Story,Update documentation,5,Collaborate with the QA team for testing. Communicate with stakeholders about the changes. Review the code with peers before merging. Perform regression testing to ensure no existing functionality is broken. This task requires attention to detail and thorough testing.
ISSUE-7601,Bug,Fix crash on startup,8,Collaborate with the QA team for testing. Ensure compatibility with existing systems and integrations. Communicate with stakeholders about the changes. Perform regression testing to ensure no existing functionality is broken. This task requires attention to detail and thorough testing. Document the changes made in the codebase. Update relevant documentation and user guides. Consider performance implications of the changes.
ISSUE-3819,Story,Fix crash on startup,1,Ensure all edge cases are handled.
ISSUE-3505,Bug,Refactor code,1,Ensure all edge cases are handled.
ISSUE-2188,Story,Resolve security vulnerability,1,This task requires attention to detail and thorough testing.
ISSUE-1639,Story,Add new feature,3,Ensure all edge cases are handled. Communicate with stakeholders about the changes. Update relevant documentation and user guides.
ISSUE-1692,Story,Resolve security vulnerability,1,Ensure all edge cases are handled.
ISSUE-9553,Bug,Fix crash on startup,3,This task requires attention to detail and thorough testing. Communicate with stakeholders about the changes. Consider performance implications of the changes.
ISSUE-4274,Bug,Implement new API endpoint,3,Review the code with peers before merging. This task requires attention to detail and thorough testing. Collaborate with the QA team for testing.
ISSUE-5262,Story,Enhance user interface,1,Review the code with peers before merging.
ISSUE-3313,Bug,Implement new API endpoint,3,Review the code with peers before merging. This task requires attention to detail and thorough testing. Ensure all edge cases are handled.
ISSUE-2905,Bug,Fix crash on startup,5,Ensure compatibility with existing systems and integrations. Review the code with peers before merging. Consider performance implications of the changes. Collaborate with the QA team for testing. Perform regression testing to ensure no existing functionality is broken.
ISSUE-7491,Bug,Resolve security vulnerability,3,Perform regression testing to ensure no existing functionality is broken. Document the changes made in the codebase. This task requires attention to detail and thorough testing.
ISSUE-2259,Bug,Improve performance,2,This task requires attention to detail and thorough testing. Consider performance implications of the changes.
ISSUE-1990,Story,Resolve security vulnerability,1,Document the changes made in the codebase.
ISSUE-4737,Bug,Resolve security vulnerability,2,Review the code with peers before merging. Update relevant documentation and user guides.
ISSUE-7601,Bug,Fix login issue,3,This task requires attention to detail and thorough testing. Ensure compatibility with existing systems and integrations. Collaborate with the QA team for testing.
ISSUE-5304,Bug,Update documentation,2,Communicate with stakeholders about the changes. Update relevant documentation and user guides.
ISSUE-2143,Bug,Fix crash on startup,8,Perform regression testing to ensure no existing functionality is broken. This task requires attention to detail and thorough testing. Document the changes made in the codebase. Communicate with stakeholders about the changes. Ensure all edge cases are handled. Collaborate with the QA team for testing. Review the code with peers before merging. Ensure compatibility with existing systems and integrations.
ISSUE-7252,Story,Refactor code,1,Review the code with peers before merging.
ISSUE-3180,Story,Refactor code,1,Collaborate with the QA team for testing.
ISSUE-1981,Bug,Fix login issue,5,Collaborate with the QA team for testing. Review the code with peers before merging. Consider performance implications of the changes. Document the changes made in the codebase. Communicate with stakeholders about the changes.
ISSUE-1502,Story,Add new feature,8,Communicate with stakeholders about the changes. Perform regression testing to ensure no existing functionality is broken. Update relevant documentation and user guides. Document the changes made in the codebase. Ensure all edge cases are handled. Collaborate with the QA team for testing. Review the code with peers before merging. Consider performance implications of the changes.
ISSUE-4588,Story,Implement new API endpoint,3,Document the changes made in the codebase. Communicate with stakeholders about the changes. Perform regression testing to ensure no existing functionality is broken.
ISSUE-7742,Story,Fix crash on startup,3,Collaborate with the QA team for testing. Consider performance implications of the changes. Ensure all edge cases are handled.
ISSUE-6907,Story,Resolve security vulnerability,8,Communicate with stakeholders about the changes. Document the changes made in the codebase. This task requires attention to detail and thorough testing. Consider performance implications of the changes. Collaborate with the QA team for testing. Update relevant documentation and user guides. Perform regression testing to ensure no existing functionality is broken. Ensure compatibility with existing systems and integrations.
ISSUE-9078,Story,Enhance user interface,2,Perform regression testing to ensure no existing functionality is broken. Update relevant documentation and user guides.
ISSUE-4071,Bug,Refactor code,3,Consider performance implications of the changes. Perform regression testing to ensure no existing functionality is broken. Document the changes made in the codebase.
ISSUE-3926,Bug,Add new feature,3,Review the code with peers before merging. Update relevant documentation and user guides. This task requires attention to detail and thorough testing.
ISSUE-3301,Bug,Update documentation,8,This task requires attention to detail and thorough testing. Ensure all edge cases are handled. Perform regression testing to ensure no existing functionality is broken. Document the changes made in the codebase. Ensure compatibility with existing systems and integrations. Consider performance implications of the changes. Communicate with stakeholders about the changes. Collaborate with the QA team for testing.
ISSUE-3264,Story,Fix crash on startup,2,Ensure all edge cases are handled. Review the code with peers before merging.
ISSUE-3998,Bug,Optimize database queries,5,Update relevant documentation and user guides. Perform regression testing to ensure no existing functionality is broken. Review the code with peers before merging. Ensure compatibility with existing systems and integrations. This task requires attention to detail and thorough testing.
ISSUE-9163,Bug,Refactor code,1,Review the code with peers before merging.
ISSUE-3445,Story,Enhance user interface,3,Perform regression testing to ensure no existing functionality is broken. Collaborate with the QA team for testing. Communicate with stakeholders about the changes.
ISSUE-5420,Bug,Enhance user interface,1,Update relevant documentation and user guides.
ISSUE-1686,Story,Improve performance,1,Perform regression testing to ensure no existing functionality is broken.
ISSUE-5231,Story,Optimize database queries,1,Ensure compatibility with existing systems and integrations.
ISSUE-9794,Story,Implement new API endpoint,5,Consider performance implications of the changes. Collaborate with the QA team for testing. Ensure all edge cases are handled. Document the changes made in the codebase. Perform regression testing to ensure no existing functionality is broken.
ISSUE-4008,Bug,Optimize database queries,1,Document the changes made in the codebase.
ISSUE-5205,Bug,Implement new API endpoint,1,Ensure compatibility with existing systems and integrations.
ISSUE-9397,Bug,Fix login issue,3,Perform regression testing to ensure no existing functionality is broken. Communicate with stakeholders about the changes. Consider performance implications of the changes.
ISSUE-9630,Bug,Enhance user interface,8,Ensure compatibility with existing systems and integrations. Perform regression testing to ensure no existing functionality is broken. Communicate with stakeholders about the changes. Ensure all edge cases are handled. This task requires attention to detail and thorough testing. Collaborate with the QA team for testing. Document the changes made in the codebase. Consider performance implications of the changes.
ISSUE-5118,Bug,Add new feature,8,Ensure compatibility with existing systems and integrations. Consider performance implications of the changes. Perform regression testing to ensure no existing functionality is broken. Document the changes made in the codebase. Communicate with stakeholders about the changes. Collaborate with the QA team for testing. Update relevant documentation and user guides. This task requires attention to detail and thorough testing.
ISSUE-6197,Story,Fix crash on startup,1,Perform regression testing to ensure no existing functionality is broken.
ISSUE-1550,Bug,Fix crash on startup,2,Ensure compatibility with existing systems and integrations. Communicate with stakeholders about the changes.
ISSUE-4655,Bug,Refactor code,2,Collaborate with the QA team for testing. Ensure compatibility with existing systems and integrations.
ISSUE-4648,Story,Optimize database queries,8,This task requires attention to detail and thorough testing. Ensure all edge cases are handled. Update relevant documentation and user guides. Perform regression testing to ensure no existing functionality is broken. Communicate with stakeholders about the changes. Review the code with peers before merging. Document the changes made in the codebase. Ensure compatibility with existing systems and integrations.
ISSUE-7313,Bug,Optimize database queries,2,Perform regression testing to ensure no existing functionality is broken. Ensure compatibility with existing systems and integrations.
ISSUE-3891,Bug,Optimize database queries,3,Communicate with stakeholders about the changes. This task requires attention to detail and thorough testing. Ensure compatibility with existing systems and integrations.
ISSUE-2504,Story,Optimize database queries,5,Document the changes made in the codebase. Review the code with peers before merging. This task requires attention to detail and thorough testing. Update relevant documentation and user guides. Consider performance implications of the changes.
ISSUE-6896,Bug,Update documentation,3,Collaborate with the QA team for testing. Ensure compatibility with existing systems and integrations. Review the code with peers before merging.
ISSUE-6264,Bug,Update documentation,1,Ensure all edge cases are handled.
ISSUE-2211,Story,Refactor code,5,Perform regression testing to ensure no existing functionality is broken. Consider performance implications of the changes. Review the code with peers before merging. Collaborate with the QA team for testing. Document the changes made in the codebase.
ISSUE-1885,Bug,Fix crash on startup,8,Perform regression testing to ensure no existing functionality is broken. Ensure all edge cases are handled. Collaborate with the QA team for testing. Consider performance implications of the changes. Review the code with peers before merging. Document the changes made in the codebase. Ensure compatibility with existing systems and integrations. Update relevant documentation and user guides.
ISSUE-7953,Bug,Add new feature,8,Perform regression testing to ensure no existing functionality is broken. Ensure all edge cases are handled. Collaborate with the QA team for testing. This task requires attention to detail and thorough testing. Consider performance implications of the changes. Ensure compatibility with existing systems and integrations. Update relevant documentation and user guides. Communicate with stakeholders about the changes.
ISSUE-2249,Story,Add new feature,1,Collaborate with the QA team for testing.
ISSUE-5104,Story,Refactor code,8,Review the code with peers before merging. Consider performance implications of the changes. Ensure compatibility with existing systems and integrations. Collaborate with the QA team for testing. Perform regression testing to ensure no existing functionality is broken. Update relevant documentation and user guides. Communicate with stakeholders about the changes. This task requires attention to detail and thorough testing.
ISSUE-4280,Story,Resolve security vulnerability,2,Perform regression testing to ensure no existing functionality is broken. Collaborate with the QA team for testing.
ISSUE-1116,Story,Fix crash on startup,3,Consider performance implications of the changes. Ensure all edge cases are handled. Perform regression testing to ensure no existing functionality is broken.
ISSUE-6629,Story,Update documentation,5,Review the code with peers before merging. This task requires attention to detail and thorough testing. Consider performance implications of the changes. Document the changes made in the codebase. Collaborate with the QA team for testing.
ISSUE-5764,Story,Enhance user interface,5,Review the code with peers before merging. This task requires attention to detail and thorough testing. Update relevant documentation and user guides. Communicate with stakeholders about the changes. Collaborate with the QA team for testing.
ISSUE-5313,Bug,Fix crash on startup,8,Ensure compatibility with existing systems and integrations. This task requires attention to detail and thorough testing. Update relevant documentation and user guides. Document the changes made in the codebase. Consider performance implications of the changes. Ensure all edge cases are handled. Review the code with peers before merging. Communicate with stakeholders about the changes.
ISSUE-6090,Bug,Refactor code,5,Review the code with peers before merging. Communicate with stakeholders about the changes. Ensure compatibility with existing systems and integrations. Perform regression testing to ensure no existing functionality is broken. Ensure all edge cases are handled.
ISSUE-2349,Bug,Implement new API endpoint,8,This task requires attention to detail and thorough testing. Collaborate with the QA team for testing. Update relevant documentation and user guides. Consider performance implications of the changes. Ensure all edge cases are handled. Ensure compatibility with existing systems and integrations. Communicate with stakeholders about the changes. Document the changes made in the codebase.
ISSUE-3625,Story,Update documentation,2,Ensure compatibility with existing systems and integrations. Ensure all edge cases are handled.
ISSUE-4452,Story,Optimize database queries,3,Document the changes made in the codebase. Communicate with stakeholders about the changes. Ensure compatibility with existing systems and integrations.
ISSUE-1671,Bug,Refactor code,8,Communicate with stakeholders about the changes. Consider performance implications of the changes. Ensure all edge cases are handled. This task requires attention to detail and thorough testing. Perform regression testing to ensure no existing functionality is broken. Update relevant documentation and user guides. Review the code with peers before merging. Collaborate with the QA team for testing.
ISSUE-5593,Bug,Resolve security vulnerability,8,Ensure compatibility with existing systems and integrations. Review the code with peers before merging. Perform regression testing to ensure no existing functionality is broken. Ensure all edge cases are handled. Collaborate with the QA team for testing. Communicate with stakeholders about the changes. Document the changes made in the codebase. Update relevant documentation and user guides.
ISSUE-1453,Story,Refactor code,3,Ensure compatibility with existing systems and integrations. This task requires attention to detail and thorough testing. Update relevant documentation and user guides.
ISSUE-3702,Bug,Add new feature,2,Perform regression testing to ensure no existing functionality is broken. Document the changes made in the codebase.
ISSUE-8958,Bug,Implement new API endpoint,5,Document the changes made in the codebase. This task requires attention to detail and thorough testing. Perform regression testing to ensure no existing functionality is broken. Consider performance implications of the changes. Review the code with peers before merging.
ISSUE-6734,Story,Update documentation,1,Communicate with stakeholders about the changes.
ISSUE-2635,Bug,Improve performance,8,Ensure compatibility with existing systems and integrations. Review the code with peers before merging. Ensure all edge cases are handled. Update relevant documentation and user guides. Communicate with stakeholders about the changes. Collaborate with the QA team for testing. Consider performance implications of the changes. Perform regression testing to ensure no existing functionality is broken.
ISSUE-5523,Story,Fix crash on startup,8,Communicate with stakeholders about the changes. This task requires attention to detail and thorough testing. Ensure compatibility with existing systems and integrations. Collaborate with the QA team for testing. Review the code with peers before merging. Perform regression testing to ensure no existing functionality is broken. Ensure all edge cases are handled. Document the changes made in the codebase.
ISSUE-3925,Story,Add new feature,1,Communicate with stakeholders about the changes.
ISSUE-1701,Story,Add new feature,3,Collaborate with the QA team for testing. Update relevant documentation and user guides. Consider performance implications of the changes.
ISSUE-6025,Bug,Add new feature,1,This task requires attention to detail and thorough testing.
ISSUE-3231,Bug,Add new feature,1,Ensure compatibility with existing systems and integrations.
ISSUE-3538,Story,Refactor code,2,Perform regression testing to ensure no existing functionality is broken. Document the changes made in the codebase.
ISSUE-8398,Story,Update documentation,2,Collaborate with the QA team for testing. Ensure all edge cases are handled.
ISSUE-6290,Story,Enhance user interface,8,Update relevant documentation and user guides. Ensure compatibility with existing systems and integrations. This task requires attention to detail and thorough testing. Ensure all edge cases are handled. Review the code with peers before merging. Collaborate with the QA team for testing. Consider performance implications of the changes. Communicate with stakeholders about the changes.
ISSUE-7386,Story,Resolve security vulnerability,8,Ensure compatibility with existing systems and integrations. Review the code with peers before merging. Consider performance implications of the changes. Communicate with stakeholders about the changes. Document the changes made in the codebase. This task requires attention to detail and thorough testing. Ensure all edge cases are handled. Update relevant documentation and user guides.
ISSUE-6683,Story,Fix crash on startup,8,Document the changes made in the codebase. Review the code with peers before merging. Ensure all edge cases are handled. Collaborate with the QA team for testing. Consider performance implications of the changes. Perform regression testing to ensure no existing functionality is broken. Update relevant documentation and user guides. Ensure compatibility with existing systems and integrations.
ISSUE-7180,Story,Refactor code,8,Ensure compatibility with existing systems and integrations. Communicate with stakeholders about the changes. Review the code with peers before merging. Collaborate with the QA team for testing. Perform regression testing to ensure no existing functionality is broken. Ensure all edge cases are handled. This task requires attention to detail and thorough testing. Consider performance implications of the changes.
ISSUE-6090,Story,Update documentation,8,Update relevant documentation and user guides. Perform regression testing to ensure no existing functionality is broken. Communicate with stakeholders about the changes. Ensure all edge cases are handled. Collaborate with the QA team for testing. Review the code with peers before merging. Ensure compatibility with existing systems and integrations. This task requires attention to detail and thorough testing.
ISSUE-8880,Bug,Resolve security vulnerability,1,Document the changes made in the codebase.
ISSUE-5485,Bug,Implement new API endpoint,2,Document the changes made in the codebase. Collaborate with the QA team for testing.
ISSUE-2014,Bug,Refactor code,3,Collaborate with the QA team for testing. Review the code with peers before merging. Consider performance implications of the changes.
ISSUE-8644,Bug,Update documentation,3,Review the code with peers before merging. Perform regression testing to ensure no existing functionality is broken. Collaborate with the QA team for testing.
ISSUE-6843,Story,Optimize database queries,2,Communicate with stakeholders about the changes. Review the code with peers before merging.
ISSUE-2730,Story,Fix crash on startup,5,Perform regression testing to ensure no existing functionality is broken. Communicate with stakeholders about the changes. Collaborate with the QA team for testing. Ensure compatibility with existing systems and integrations. Consider performance implications of the changes.
ISSUE-1531,Story,Fix login issue,8,Ensure all edge cases are handled. Communicate with stakeholders about the changes. Consider performance implications of the changes. Perform regression testing to ensure no existing functionality is broken. Document the changes made in the codebase. Collaborate with the QA team for testing. This task requires attention to detail and thorough testing. Review the code with peers before merging.
ISSUE-2324,Bug,Fix crash on startup,3,Ensure all edge cases are handled. Perform regression testing to ensure no existing functionality is broken. Communicate with stakeholders about the changes.
ISSUE-4047,Bug,Enhance user interface,8,Document the changes made in the codebase. Consider performance implications of the changes. Perform regression testing to ensure no existing functionality is broken. Ensure compatibility with existing systems and integrations. Collaborate with the QA team for testing. Review the code with peers before merging. Communicate with stakeholders about the changes. Update relevant documentation and user guides.
ISSUE-9823,Story,Add new feature,1,Update relevant documentation and user guides.
ISSUE-8688,Bug,Implement new API endpoint,8,Perform regression testing to ensure no existing functionality is broken. Communicate with stakeholders about the changes. Consider performance implications of the changes. Document the changes made in the codebase. Ensure all edge cases are handled. Ensure compatibility with existing systems and integrations. Update relevant documentation and user guides. Collaborate with the QA team for testing.
ISSUE-5377,Bug,Improve performance,3,Review the code with peers before merging. Update relevant documentation and user guides. Consider performance implications of the changes.
ISSUE-1383,Story,Improve performance,2,Perform regression testing to ensure no existing functionality is broken. Ensure all edge cases are handled.
ISSUE-1106,Story,Resolve security vulnerability,3,Review the code with peers before merging. Consider performance implications of the changes. This task requires attention to detail and thorough testing.
ISSUE-4984,Story,Enhance user interface,5,Consider performance implications of the changes. Document the changes made in the codebase. Ensure all edge cases are handled. Collaborate with the QA team for testing. Ensure compatibility with existing systems and integrations.
ISSUE-8918,Bug,Refactor code,8,Collaborate with the QA team for testing. Document the changes made in the codebase. Perform regression testing to ensure no existing functionality is broken. Ensure compatibility with existing systems and integrations. This task requires attention to detail and thorough testing. Review the code with peers before merging. Ensure all edge cases are handled. Consider performance implications of the changes.
ISSUE-5037,Story,Enhance user interface,3,Communicate with stakeholders about the changes. Consider performance implications of the changes. Perform regression testing to ensure no existing functionality is broken.
ISSUE-2619,Story,Optimize database queries,1,Perform regression testing to ensure no existing functionality is broken.
ISSUE-1394,Bug,Optimize database queries,1,Document the changes made in the codebase.
ISSUE-9527,Story,Implement new API endpoint,8,Consider performance implications of the changes. This task requires attention to detail and thorough testing. Review the code with peers before merging. Communicate with stakeholders about the changes. Update relevant documentation and user guides. Perform regression testing to ensure no existing functionality is broken. Ensure compatibility with existing systems and integrations. Collaborate with the QA team for testing.
ISSUE-7798,Bug,Optimize database queries,3,Update relevant documentation and user guides. Document the changes made in the codebase. This task requires attention to detail and thorough testing.
ISSUE-4403,Bug,Fix crash on startup,3,Ensure all edge cases are handled. Review the code with peers before merging. Collaborate with the QA team for testing.
ISSUE-1132,Bug,Refactor code,2,Perform regression testing to ensure no existing functionality is broken. Communicate with stakeholders about the changes.
ISSUE-7933,Story,Add new feature,1,Update relevant documentation and user guides.
ISSUE-3234,Bug,Add new feature,1,Ensure all edge cases are handled.
ISSUE-4323,Bug,Resolve security vulnerability,8,Consider performance implications of the changes. Update relevant documentation and user guides. Ensure all edge cases are handled. Review the code with peers before merging. Communicate with stakeholders about the changes. Perform regression testing to ensure no existing functionality is broken. Ensure compatibility with existing systems and integrations. This task requires attention to detail and thorough testing.
ISSUE-3712,Story,Optimize database queries,2,Consider performance implications of the changes. Review the code with peers before merging.
ISSUE-4171,Bug,Resolve security vulnerability,3,Collaborate with the QA team for testing. Document the changes made in the codebase. Ensure all edge cases are handled.
ISSUE-6728,Story,Improve performance,5,This task requires attention to detail and thorough testing. Document the changes made in the codebase. Perform regression testing to ensure no existing functionality is broken. Ensure compatibility with existing systems and integrations. Communicate with stakeholders about the changes.
ISSUE-6188,Bug,Add new feature,3,Review the code with peers before merging. Collaborate with the QA team for testing. Communicate with stakeholders about the changes.
ISSUE-1523,Story,Improve performance,5,Perform regression testing to ensure no existing functionality is broken. Collaborate with the QA team for testing. Review the code with peers before merging. Ensure compatibility with existing systems and integrations. Document the changes made in the codebase.
ISSUE-4088,Story,Fix crash on startup,3,Communicate with stakeholders about the changes. Collaborate with the QA team for testing. Consider performance implications of the changes.
ISSUE-6067,Story,Fix login issue,5,Review the code with peers before merging. Ensure compatibility with existing systems and integrations. Update relevant documentation and user guides. Ensure all edge cases are handled. Consider performance implications of the changes.
ISSUE-1891,Story,Fix crash on startup,8,Collaborate with the QA team for testing. Perform regression testing to ensure no existing functionality is broken. Document the changes made in the codebase. Ensure compatibility with existing systems and integrations. Review the code with peers before merging. This task requires attention to detail and thorough testing. Update relevant documentation and user guides. Communicate with stakeholders about the changes.
ISSUE-6618,Bug,Optimize database queries,3,Review the code with peers before merging. Ensure compatibility with existing systems and integrations. Collaborate with the QA team for testing.
ISSUE-2137,Bug,Add new feature,3,Update relevant documentation and user guides. Communicate with stakeholders about the changes. Ensure all edge cases are handled.
ISSUE-1068,Bug,Update documentation,3,Update relevant documentation and user guides. Document the changes made in the codebase. Communicate with stakeholders about the changes.
ISSUE-3145,Story,Optimize database queries,8,Ensure compatibility with existing systems and integrations. Consider performance implications of the changes. Document the changes made in the codebase. Communicate with stakeholders about the changes. Perform regression testing to ensure no existing functionality is broken. Collaborate with the QA team for testing. Review the code with peers before merging. Update relevant documentation and user guides.
ISSUE-3739,Story,Resolve security vulnerability,2,Update relevant documentation and user guides. This task requires attention to detail and thorough testing.
ISSUE-4881,Story,Resolve security vulnerability,8,Communicate with stakeholders about the changes. Consider performance implications of the changes. Perform regression testing to ensure no existing functionality is broken. Review the code with peers before merging. Update relevant documentation and user guides. Document the changes made in the codebase. This task requires attention to detail and thorough testing. Ensure all edge cases are handled.
ISSUE-7366,Story,Fix crash on startup,1,Collaborate with the QA team for testing.
ISSUE-8948,Story,Optimize database queries,3,Consider performance implications of the changes. Review the code with peers before merging. Communicate with stakeholders about the changes.
ISSUE-9002,Bug,Refactor code,3,Document the changes made in the codebase. Perform regression testing to ensure no existing functionality is broken. This task requires attention to detail and thorough testing.
ISSUE-4671,Story,Improve performance,2,This task requires attention to detail and thorough testing. Collaborate with the QA team for testing.
ISSUE-9537,Story,Improve performance,5,Communicate with stakeholders about the changes. Ensure all edge cases are handled. Perform regression testing to ensure no existing functionality is broken. Consider performance implications of the changes. Review the code with peers before merging.
ISSUE-3267,Bug,Optimize database queries,1,Ensure all edge cases are handled.
ISSUE-5913,Story,Update documentation,8,Consider performance implications of the changes. Document the changes made in the codebase. This task requires attention to detail and thorough testing. Ensure all edge cases are handled. Review the code with peers before merging. Ensure compatibility with existing systems and integrations. Perform regression testing to ensure no existing functionality is broken. Update relevant documentation and user guides.
ISSUE-2551,Bug,Enhance user interface,2,Collaborate with the QA team for testing. Consider performance implications of the changes.
ISSUE-5244,Story,Enhance user interface,8,Perform regression testing to ensure no existing functionality is broken. Consider performance implications of the changes. Collaborate with the QA team for testing. Document the changes made in the codebase. Review the code with peers before merging. Update relevant documentation and user guides. Ensure all edge cases are handled. Communicate with stakeholders about the changes.
ISSUE-3934,Bug,Add new feature,5,Update relevant documentation and user guides. Consider performance implications of the changes. Ensure all edge cases are handled. Ensure compatibility with existing systems and integrations. Review the code with peers before merging.
ISSUE-5485,Story,Optimize database queries,2,Consider performance implications of the changes. Perform regression testing to ensure no existing functionality is broken.
ISSUE-3007,Story,Optimize database queries,8,Communicate with stakeholders about the changes. Review the code with peers before merging. Collaborate with the QA team for testing. Document the changes made in the codebase. Update relevant documentation and user guides. Perform regression testing to ensure no existing functionality is broken. Ensure compatibility with existing systems and integrations. Ensure all edge cases are handled.
ISSUE-3425,Bug,Add new feature,3,This task requires attention to detail and thorough testing. Review the code with peers before merging. Update relevant documentation and user guides.
ISSUE-5366,Bug,Fix crash on startup,2,Consider performance implications of the changes. Review the code with peers before merging.
ISSUE-3123,Story,Fix crash on startup,1,Update relevant documentation and user guides.
ISSUE-7268,Story,Optimize database queries,3,Communicate with stakeholders about the changes. Ensure compatibility with existing systems and integrations. Perform regression testing to ensure no existing functionality is broken.
ISSUE-2829,Bug,Implement new API endpoint,8,Document the changes made in the codebase. Communicate with stakeholders about the changes. This task requires attention to detail and thorough testing. Collaborate with the QA team for testing. Ensure compatibility with existing systems and integrations. Update relevant documentation and user guides. Consider performance implications of the changes. Review the code with peers before merging.
ISSUE-6326,Story,Refactor code,8,Document the changes made in the codebase. Consider performance implications of the changes. Ensure compatibility with existing systems and integrations. Update relevant documentation and user guides. Review the code with peers before merging. Communicate with stakeholders about the changes. This task requires attention to detail and thorough testing. Ensure all edge cases are handled.
ISSUE-4143,Bug,Fix crash on startup,5,Document the changes made in the codebase. Review the code with peers before merging. Ensure all edge cases are handled. Ensure compatibility with existing systems and integrations. Consider performance implications of the changes.
ISSUE-8345,Bug,Optimize database queries,1,Communicate with stakeholders about the changes.
ISSUE-5040,Story,Resolve security vulnerability,1,Update relevant documentation and user guides.
ISSUE-7989,Bug,Enhance user interface,3,Update relevant documentation and user guides. Communicate with stakeholders about the changes. Perform regression testing to ensure no existing functionality is broken.
ISSUE-5107,Story,Add new feature,1,Update relevant documentation and user guides.
ISSUE-9864,Story,Fix login issue,1,Communicate with stakeholders about the changes.
ISSUE-9153,Bug,Refactor code,2,Update relevant documentation and user guides. Consider performance implications of the changes.
ISSUE-4783,Bug,Resolve security vulnerability,1,Ensure all edge cases are handled.
ISSUE-3108,Bug,Enhance user interface,1,Consider performance implications of the changes.
ISSUE-6020,Bug,Refactor code,5,Collaborate with the QA team for testing. This task requires attention to detail and thorough testing. Communicate with stakeholders about the changes. Update relevant documentation and user guides. Ensure all edge cases are handled.
ISSUE-3353,Bug,Enhance user interface,1,Ensure all edge cases are handled.
ISSUE-6126,Story,Optimize database queries,5,Consider performance implications of the changes. Document the changes made in the codebase. Ensure all edge cases are handled. Ensure compatibility with existing systems and integrations. Review the code with peers before merging.
ISSUE-2745,Story,Resolve security vulnerability,3,Document the changes made in the codebase. Review the code with peers before merging. Ensure all edge cases are handled.
ISSUE-9138,Bug,Fix login issue,3,Perform regression testing to ensure no existing functionality is broken. Review the code with peers before merging. Document the changes made in the codebase.
ISSUE-4682,Story,Improve performance,8,Perform regression testing to ensure no existing functionality is broken. Collaborate with the QA team for testing. Ensure compatibility with existing systems and integrations. Update relevant documentation and user guides. Review the code with peers before merging. This task requires attention to detail and thorough testing. Consider performance implications of the changes. Communicate with stakeholders about the changes.
ISSUE-3872,Story,Implement new API endpoint,3,Consider performance implications of the changes. Document the changes made in the codebase. Review the code with peers before merging.
ISSUE-4725,Bug,Resolve security vulnerability,5,Ensure all edge cases are handled. Document the changes made in the codebase. Consider performance implications of the changes. Review the code with peers before merging. Ensure compatibility with existing systems and integrations.
ISSUE-5251,Bug,Optimize database queries,1,Update relevant documentation and user guides.
ISSUE-2967,Bug,Add new feature,3,Document the changes made in the codebase. Review the code with peers before merging. Ensure compatibility with existing systems and integrations.
ISSUE-1824,Story,Resolve security vulnerability,2,Ensure all edge cases are handled. Perform regression testing to ensure no existing functionality is broken.
ISSUE-1450,Bug,Enhance user interface,2,Ensure all edge cases are handled. Communicate with stakeholders about the changes.
ISSUE-8769,Bug,Update documentation,8,Ensure compatibility with existing systems and integrations. Ensure all edge cases are handled. Update relevant documentation and user guides. Communicate with stakeholders about the changes. This task requires attention to detail and thorough testing. Collaborate with the QA team for testing. Document the changes made in the codebase. Perform regression testing to ensure no existing functionality is broken.
ISSUE-6837,Story,Add new feature,8,Document the changes made in the codebase. Consider performance implications of the changes. Ensure all edge cases are handled. Update relevant documentation and user guides. Perform regression testing to ensure no existing functionality is broken. Communicate with stakeholders about the changes. Ensure compatibility with existing systems and integrations. Collaborate with the QA team for testing.
ISSUE-7617,Bug,Refactor code,3,Perform regression testing to ensure no existing functionality is broken. Update relevant documentation and user guides. Collaborate with the QA team for testing.
ISSUE-3706,Story,Add new feature,8,This task requires attention to detail and thorough testing. Review the code with peers before merging. Ensure compatibility with existing systems and integrations. Document the changes made in the codebase. Communicate with stakeholders about the changes. Collaborate with the QA team for testing. Ensure all edge cases are handled. Consider performance implications of the changes.
ISSUE-7272,Bug,Optimize database queries,2,Ensure compatibility with existing systems and integrations. Collaborate with the QA team for testing.
ISSUE-2753,Story,Fix login issue,2,Consider performance implications of the changes. Collaborate with the QA team for testing.
ISSUE-2371,Story,Optimize database queries,8,Collaborate with the QA team for testing. Update relevant documentation and user guides. Consider performance implications of the changes. Ensure compatibility with existing systems and integrations. Perform regression testing to ensure no existing functionality is broken. Review the code with peers before merging. Document the changes made in the codebase. Ensure all edge cases are handled.
ISSUE-4392,Story,Optimize database queries,1,Document the changes made in the codebase.
ISSUE-8591,Story,Fix login issue,1,Ensure all edge cases are handled.
ISSUE-9525,Story,Fix crash on startup,1,Document the changes made in the codebase.
ISSUE-4033,Bug,Enhance user interface,5,Ensure all edge cases are handled. Ensure compatibility with existing systems and integrations. Perform regression testing to ensure no existing functionality is broken. Collaborate with the QA team for testing. Document the changes made in the codebase.
ISSUE-6691,Bug,Optimize database queries,2,Communicate with stakeholders about the changes. Update relevant documentation and user guides.
ISSUE-8465,Bug,Enhance user interface,5,Review the code with peers before merging. Update relevant documentation and user guides. Perform regression testing to ensure no existing functionality is broken. Consider performance implications of the changes. Ensure all edge cases are handled.
ISSUE-4066,Bug,Resolve security vulnerability,2,Ensure all edge cases are handled. Communicate with stakeholders about the changes.
ISSUE-1241,Bug,Resolve security vulnerability,8,Consider performance implications of the changes. Review the code with peers before merging. Ensure compatibility with existing systems and integrations. Perform regression testing to ensure no existing functionality is broken. Ensure all edge cases are handled. This task requires attention to detail and thorough testing. Update relevant documentation and user guides. Collaborate with the QA team for testing.
ISSUE-9123,Story,Improve performance,5,Ensure compatibility with existing systems and integrations. This task requires attention to detail and thorough testing. Collaborate with the QA team for testing. Document the changes made in the codebase. Update relevant documentation and user guides.
ISSUE-9829,Bug,Implement new API endpoint,1,Update relevant documentation and user guides.
ISSUE-3187,Story,Fix login issue,2,Ensure all edge cases are handled. Ensure compatibility with existing systems and integrations.
ISSUE-1061,Story,Optimize database queries,2,Collaborate with the QA team for testing. Review the code with peers before merging.
ISSUE-8993,Story,Optimize database queries,2,Collaborate with the QA team for testing. Review the code with peers before merging.
ISSUE-7756,Bug,Fix crash on startup,5,Ensure compatibility with existing systems and integrations. Consider performance implications of the changes. Review the code with peers before merging. Document the changes made in the codebase. Collaborate with the QA team for testing.
ISSUE-6027,Bug,Fix login issue,3,Review the code with peers before merging. Update relevant documentation and user guides. Ensure all edge cases are handled.
ISSUE-6729,Bug,Enhance user interface,2,Collaborate with the QA team for testing. Communicate with stakeholders about the changes.
ISSUE-1775,Story,Refactor code,1,Review the code with peers before merging.
ISSUE-6625,Bug,Refactor code,2,Ensure compatibility with existing systems and integrations. This task requires attention to detail and thorough testing.
ISSUE-2424,Bug,Refactor code,1,Ensure compatibility with existing systems and integrations.
ISSUE-6874,Story,Improve performance,5,Ensure compatibility with existing systems and integrations. Consider performance implications of the changes. Document the changes made in the codebase. Communicate with stakeholders about the changes. Collaborate with the QA team for testing.
ISSUE-1824,Bug,Resolve security vulnerability,3,Document the changes made in the codebase. Review the code with peers before merging. Ensure all edge cases are handled.
ISSUE-6587,Bug,Update documentation,3,Ensure compatibility with existing systems and integrations. Collaborate with the QA team for testing. Ensure all edge cases are handled.
ISSUE-4427,Story,Fix login issue,1,Ensure all edge cases are handled.
ISSUE-9097,Bug,Improve performance,2,Collaborate with the QA team for testing. Ensure all edge cases are handled.
